<?xml version='1.0' encoding='UTF-8'?>
<feed xmlns="http://www.w3.org/2005/Atom" xml:lang="en"><id>https://cheatsheetseries.owasp.org/</id><title>OWASP Cheat Sheet Series update</title><updated>2024-07-11T16:54:14+00:00</updated><author><name>Core team</name><email>dominique.righetto@owasp.org</email></author><link href="https://cheatsheetseries.owasp.org" rel="self"/><link href="https://github.com/OWASP/CheatSheetSeries" rel="alternate"/><generator uri="https://lkiesow.github.io/python-feedgen" version="0.9.0">python-feedgen</generator><icon>https://cheatsheetseries.owasp.org/gitbook/images/favicon.ico</icon><subtitle>List of the last updates on the content</subtitle><entry><id>https://github.com/OWASP/CheatSheetSeries/pull/1314</id><title>fixed typo</title><updated>2024-02-07T13:47:04+00:00</updated><link href="https://github.com/OWASP/CheatSheetSeries/pull/1314" rel="self"/><link href="https://github.com/OWASP/CheatSheetSeries/pull/1314" rel="alternate"/><published>2024-02-07T13:47:04+00:00</published></entry><entry><id>https://github.com/OWASP/CheatSheetSeries/pull/1316</id><title>chore(license): apply consistent `CC-BY-SA-4.0`</title><updated>2024-02-08T12:06:42+00:00</updated><link href="https://github.com/OWASP/CheatSheetSeries/pull/1316" rel="self"/><link href="https://github.com/OWASP/CheatSheetSeries/pull/1316" rel="alternate"/><published>2024-02-08T12:06:42+00:00</published></entry><entry><id>https://github.com/OWASP/CheatSheetSeries/pull/1317</id><title>Update XML_Security_Cheat_Sheet.md</title><updated>2024-02-08T12:31:03+00:00</updated><link href="https://github.com/OWASP/CheatSheetSeries/pull/1317" rel="self"/><link href="https://github.com/OWASP/CheatSheetSeries/pull/1317" rel="alternate"/><published>2024-02-08T12:31:03+00:00</published></entry><entry><id>https://github.com/OWASP/CheatSheetSeries/pull/1318</id><title>feat(preface): dark mode friendly logo &amp; header</title><updated>2024-02-14T14:00:28+00:00</updated><link href="https://github.com/OWASP/CheatSheetSeries/pull/1318" rel="self"/><link href="https://github.com/OWASP/CheatSheetSeries/pull/1318" rel="alternate"/><published>2024-02-14T14:00:28+00:00</published></entry><entry><id>https://github.com/OWASP/CheatSheetSeries/pull/1321</id><title>RLT Tech Writer: edits to XML Filter Evasion cheat sheet for clarity </title><updated>2024-02-14T13:58:56+00:00</updated><link href="https://github.com/OWASP/CheatSheetSeries/pull/1321" rel="self"/><link href="https://github.com/OWASP/CheatSheetSeries/pull/1321" rel="alternate"/><published>2024-02-14T13:58:56+00:00</published></entry><entry><id>https://github.com/OWASP/CheatSheetSeries/pull/1323</id><title>Update Transport_Layer_Security_Cheat_Sheet.md</title><updated>2024-02-13T13:42:56+00:00</updated><link href="https://github.com/OWASP/CheatSheetSeries/pull/1323" rel="self"/><link href="https://github.com/OWASP/CheatSheetSeries/pull/1323" rel="alternate"/><published>2024-02-13T13:42:56+00:00</published></entry><entry><id>https://github.com/OWASP/CheatSheetSeries/pull/1324</id><title>Escape '*' characters that were improperly rendering as markdown</title><updated>2024-02-13T13:45:19+00:00</updated><link href="https://github.com/OWASP/CheatSheetSeries/pull/1324" rel="self"/><link href="https://github.com/OWASP/CheatSheetSeries/pull/1324" rel="alternate"/><published>2024-02-13T13:45:19+00:00</published></entry><entry><id>https://github.com/OWASP/CheatSheetSeries/pull/1327</id><title>refactor(XSS_Filter_Evasion): #1321 Suggestions</title><updated>2024-02-24T16:46:26+00:00</updated><link href="https://github.com/OWASP/CheatSheetSeries/pull/1327" rel="self"/><link href="https://github.com/OWASP/CheatSheetSeries/pull/1327" rel="alternate"/><published>2024-02-24T16:46:26+00:00</published></entry><entry><id>https://github.com/OWASP/CheatSheetSeries/pull/1328</id><title>"JWT token" is redundant. Removed instances of 'token' after "JWT"</title><updated>2024-02-19T17:58:46+00:00</updated><link href="https://github.com/OWASP/CheatSheetSeries/pull/1328" rel="self"/><link href="https://github.com/OWASP/CheatSheetSeries/pull/1328" rel="alternate"/><published>2024-02-19T17:58:46+00:00</published></entry><entry><id>https://github.com/OWASP/CheatSheetSeries/pull/1330</id><title>Tech Writer: Redid Database Security Cheat Sheet</title><updated>2024-02-20T08:43:41+00:00</updated><link href="https://github.com/OWASP/CheatSheetSeries/pull/1330" rel="self"/><link href="https://github.com/OWASP/CheatSheetSeries/pull/1330" rel="alternate"/><published>2024-02-20T08:43:41+00:00</published></entry><entry><id>https://github.com/OWASP/CheatSheetSeries/pull/1331</id><title>CSRF clarification</title><updated>2024-02-18T22:37:30+00:00</updated><link href="https://github.com/OWASP/CheatSheetSeries/pull/1331" rel="self"/><link href="https://github.com/OWASP/CheatSheetSeries/pull/1331" rel="alternate"/><published>2024-02-18T22:37:30+00:00</published></entry><entry><id>https://github.com/OWASP/CheatSheetSeries/pull/1332</id><title>Added caveat about customer request header approach and its use in login csrf mitigation</title><updated>2024-02-19T17:40:45+00:00</updated><link href="https://github.com/OWASP/CheatSheetSeries/pull/1332" rel="self"/><link href="https://github.com/OWASP/CheatSheetSeries/pull/1332" rel="alternate"/><published>2024-02-19T17:40:45+00:00</published></entry><entry><id>https://github.com/OWASP/CheatSheetSeries/pull/1334</id><title>Address GitHub issue #1092</title><updated>2024-03-05T07:28:57+00:00</updated><link href="https://github.com/OWASP/CheatSheetSeries/pull/1334" rel="self"/><link href="https://github.com/OWASP/CheatSheetSeries/pull/1334" rel="alternate"/><published>2024-03-05T07:28:57+00:00</published></entry><entry><id>https://github.com/OWASP/CheatSheetSeries/pull/1335</id><title>Fixed typos</title><updated>2024-02-22T13:57:41+00:00</updated><link href="https://github.com/OWASP/CheatSheetSeries/pull/1335" rel="self"/><link href="https://github.com/OWASP/CheatSheetSeries/pull/1335" rel="alternate"/><published>2024-02-22T13:57:41+00:00</published></entry><entry><id>https://github.com/OWASP/CheatSheetSeries/pull/1336</id><title>Warn against using CAPTCHA for CSRF protection</title><updated>2024-02-25T21:40:05+00:00</updated><link href="https://github.com/OWASP/CheatSheetSeries/pull/1336" rel="self"/><link href="https://github.com/OWASP/CheatSheetSeries/pull/1336" rel="alternate"/><published>2024-02-25T21:40:05+00:00</published></entry><entry><id>https://github.com/OWASP/CheatSheetSeries/pull/1341</id><title>Links, typos, uniformity</title><updated>2024-02-24T16:45:14+00:00</updated><link href="https://github.com/OWASP/CheatSheetSeries/pull/1341" rel="self"/><link href="https://github.com/OWASP/CheatSheetSeries/pull/1341" rel="alternate"/><published>2024-02-24T16:45:14+00:00</published></entry><entry><id>https://github.com/OWASP/CheatSheetSeries/pull/1342</id><title>Update Clickjacking_Defense_Cheat_Sheet.md</title><updated>2024-02-24T16:44:09+00:00</updated><link href="https://github.com/OWASP/CheatSheetSeries/pull/1342" rel="self"/><link href="https://github.com/OWASP/CheatSheetSeries/pull/1342" rel="alternate"/><published>2024-02-24T16:44:09+00:00</published></entry><entry><id>https://github.com/OWASP/CheatSheetSeries/pull/1343</id><title>Optimize new images</title><updated>2024-02-25T21:39:20+00:00</updated><link href="https://github.com/OWASP/CheatSheetSeries/pull/1343" rel="self"/><link href="https://github.com/OWASP/CheatSheetSeries/pull/1343" rel="alternate"/><published>2024-02-25T21:39:20+00:00</published></entry><entry><id>https://github.com/OWASP/CheatSheetSeries/pull/1344</id><title>Copy editing on SQL Injection Prevention cheat sheet</title><updated>2024-02-26T12:29:33+00:00</updated><link href="https://github.com/OWASP/CheatSheetSeries/pull/1344" rel="self"/><link href="https://github.com/OWASP/CheatSheetSeries/pull/1344" rel="alternate"/><published>2024-02-26T12:29:33+00:00</published></entry><entry><id>https://github.com/OWASP/CheatSheetSeries/pull/1345</id><title>Update LDAP Injection Prevention Cheat sheet</title><updated>2024-03-06T13:38:51+00:00</updated><link href="https://github.com/OWASP/CheatSheetSeries/pull/1345" rel="self"/><link href="https://github.com/OWASP/CheatSheetSeries/pull/1345" rel="alternate"/><published>2024-03-06T13:38:51+00:00</published></entry><entry><id>https://github.com/OWASP/CheatSheetSeries/pull/1346</id><title>Bump jinja2 from 3.1.2 to 3.1.3</title><updated>2024-02-26T08:52:24+00:00</updated><link href="https://github.com/OWASP/CheatSheetSeries/pull/1346" rel="self"/><link href="https://github.com/OWASP/CheatSheetSeries/pull/1346" rel="alternate"/><published>2024-02-26T08:52:24+00:00</published></entry><entry><id>https://github.com/OWASP/CheatSheetSeries/pull/1347</id><title>Bump urllib3 from 2.0.5 to 2.0.7</title><updated>2024-02-26T09:02:27+00:00</updated><link href="https://github.com/OWASP/CheatSheetSeries/pull/1347" rel="self"/><link href="https://github.com/OWASP/CheatSheetSeries/pull/1347" rel="alternate"/><published>2024-02-26T09:02:27+00:00</published></entry><entry><id>https://github.com/OWASP/CheatSheetSeries/pull/1349</id><title>Inclusive terminology</title><updated>2024-02-28T05:36:49+00:00</updated><link href="https://github.com/OWASP/CheatSheetSeries/pull/1349" rel="self"/><link href="https://github.com/OWASP/CheatSheetSeries/pull/1349" rel="alternate"/><published>2024-02-28T05:36:49+00:00</published></entry><entry><id>https://github.com/OWASP/CheatSheetSeries/pull/1350</id><title>chore: replace deprecated k8s PSP references</title><updated>2024-02-29T22:02:06+00:00</updated><link href="https://github.com/OWASP/CheatSheetSeries/pull/1350" rel="self"/><link href="https://github.com/OWASP/CheatSheetSeries/pull/1350" rel="alternate"/><published>2024-02-29T22:02:06+00:00</published></entry><entry><id>https://github.com/OWASP/CheatSheetSeries/pull/1351</id><title>CSRF mitigations using non-simple requests</title><updated>2024-03-01T20:57:03+00:00</updated><link href="https://github.com/OWASP/CheatSheetSeries/pull/1351" rel="self"/><link href="https://github.com/OWASP/CheatSheetSeries/pull/1351" rel="alternate"/><published>2024-03-01T20:57:03+00:00</published></entry><entry><id>https://github.com/OWASP/CheatSheetSeries/pull/1352</id><title>Update DotNet_Security_Cheat_Sheet.md</title><updated>2024-03-06T13:43:30+00:00</updated><link href="https://github.com/OWASP/CheatSheetSeries/pull/1352" rel="self"/><link href="https://github.com/OWASP/CheatSheetSeries/pull/1352" rel="alternate"/><published>2024-03-06T13:43:30+00:00</published></entry><entry><id>https://github.com/OWASP/CheatSheetSeries/pull/1353</id><title>Fixed indentation</title><updated>2024-03-05T13:35:53+00:00</updated><link href="https://github.com/OWASP/CheatSheetSeries/pull/1353" rel="self"/><link href="https://github.com/OWASP/CheatSheetSeries/pull/1353" rel="alternate"/><published>2024-03-05T13:35:53+00:00</published></entry><entry><id>https://github.com/OWASP/CheatSheetSeries/pull/1355</id><title>Fix minor typo</title><updated>2024-03-08T09:32:22+00:00</updated><link href="https://github.com/OWASP/CheatSheetSeries/pull/1355" rel="self"/><link href="https://github.com/OWASP/CheatSheetSeries/pull/1355" rel="alternate"/><published>2024-03-08T09:32:22+00:00</published></entry><entry><id>https://github.com/OWASP/CheatSheetSeries/pull/1357</id><title>Update Abuse_Case_Cheat_Sheet.md</title><updated>2024-03-11T09:56:06+00:00</updated><link href="https://github.com/OWASP/CheatSheetSeries/pull/1357" rel="self"/><link href="https://github.com/OWASP/CheatSheetSeries/pull/1357" rel="alternate"/><published>2024-03-11T09:56:06+00:00</published></entry><entry><id>https://github.com/OWASP/CheatSheetSeries/pull/1358</id><title>Update XML_Security_Cheat_Sheet.md</title><updated>2024-03-13T11:53:21+00:00</updated><link href="https://github.com/OWASP/CheatSheetSeries/pull/1358" rel="self"/><link href="https://github.com/OWASP/CheatSheetSeries/pull/1358" rel="alternate"/><published>2024-03-13T11:53:21+00:00</published></entry><entry><id>https://github.com/OWASP/CheatSheetSeries/pull/1360</id><title>Fixes typo in Secrets_Management_Cheat_Sheet.md</title><updated>2024-03-13T11:56:00+00:00</updated><link href="https://github.com/OWASP/CheatSheetSeries/pull/1360" rel="self"/><link href="https://github.com/OWASP/CheatSheetSeries/pull/1360" rel="alternate"/><published>2024-03-13T11:56:00+00:00</published></entry><entry><id>https://github.com/OWASP/CheatSheetSeries/pull/1361</id><title>Add a missing " in the pseudocode</title><updated>2024-03-13T12:56:42+00:00</updated><link href="https://github.com/OWASP/CheatSheetSeries/pull/1361" rel="self"/><link href="https://github.com/OWASP/CheatSheetSeries/pull/1361" rel="alternate"/><published>2024-03-13T12:56:42+00:00</published></entry><entry><id>https://github.com/OWASP/CheatSheetSeries/pull/1362</id><title>Update: Credential_Stuffing_Prevention_Cheat_Sheet - Issue #1315</title><updated>2024-03-20T08:58:11+00:00</updated><link href="https://github.com/OWASP/CheatSheetSeries/pull/1362" rel="self"/><link href="https://github.com/OWASP/CheatSheetSeries/pull/1362" rel="alternate"/><published>2024-03-20T08:58:11+00:00</published></entry><entry><id>https://github.com/OWASP/CheatSheetSeries/pull/1363</id><title>Fix minor typos in Authorization_Testing_Automation_Cheat_Sheet.md</title><updated>2024-03-20T08:58:37+00:00</updated><link href="https://github.com/OWASP/CheatSheetSeries/pull/1363" rel="self"/><link href="https://github.com/OWASP/CheatSheetSeries/pull/1363" rel="alternate"/><published>2024-03-20T08:58:37+00:00</published></entry><entry><id>https://github.com/OWASP/CheatSheetSeries/pull/1364</id><title>Fix typo in Symfony_Cheat_Sheet.md</title><updated>2024-03-22T11:38:21+00:00</updated><link href="https://github.com/OWASP/CheatSheetSeries/pull/1364" rel="self"/><link href="https://github.com/OWASP/CheatSheetSeries/pull/1364" rel="alternate"/><published>2024-03-22T11:38:21+00:00</published></entry><entry><id>https://github.com/OWASP/CheatSheetSeries/pull/1365</id><title>Correct two small typos in vocabulary.</title><updated>2024-03-25T09:29:12+00:00</updated><link href="https://github.com/OWASP/CheatSheetSeries/pull/1365" rel="self"/><link href="https://github.com/OWASP/CheatSheetSeries/pull/1365" rel="alternate"/><published>2024-03-25T09:29:12+00:00</published></entry><entry><id>https://github.com/OWASP/CheatSheetSeries/pull/1367</id><title>change broken link to webarchive link</title><updated>2024-04-02T11:12:02+00:00</updated><link href="https://github.com/OWASP/CheatSheetSeries/pull/1367" rel="self"/><link href="https://github.com/OWASP/CheatSheetSeries/pull/1367" rel="alternate"/><published>2024-04-02T11:12:02+00:00</published></entry><entry><id>https://github.com/OWASP/CheatSheetSeries/pull/1368</id><title>Update Threat_Modeling_Cheat_Sheet.md</title><updated>2024-04-02T16:42:27+00:00</updated><link href="https://github.com/OWASP/CheatSheetSeries/pull/1368" rel="self"/><link href="https://github.com/OWASP/CheatSheetSeries/pull/1368" rel="alternate"/><published>2024-04-02T16:42:27+00:00</published></entry><entry><id>https://github.com/OWASP/CheatSheetSeries/pull/1369</id><title>Replacing dead link with a similar article</title><updated>2024-04-02T11:02:36+00:00</updated><link href="https://github.com/OWASP/CheatSheetSeries/pull/1369" rel="self"/><link href="https://github.com/OWASP/CheatSheetSeries/pull/1369" rel="alternate"/><published>2024-04-02T11:02:36+00:00</published></entry><entry><id>https://github.com/OWASP/CheatSheetSeries/pull/1370</id><title>CI/CD Security Cheatsheet | fix typo "o" --&gt; "of" &amp;&amp; "enviornment" --&gt; "environment"</title><updated>2024-04-03T17:47:40+00:00</updated><link href="https://github.com/OWASP/CheatSheetSeries/pull/1370" rel="self"/><link href="https://github.com/OWASP/CheatSheetSeries/pull/1370" rel="alternate"/><published>2024-04-03T17:47:40+00:00</published></entry><entry><id>https://github.com/OWASP/CheatSheetSeries/pull/1371</id><title>NodeJS_Docker_Cheat_Sheet: remove backslashes from _ and []</title><updated>2024-04-13T20:08:11+00:00</updated><link href="https://github.com/OWASP/CheatSheetSeries/pull/1371" rel="self"/><link href="https://github.com/OWASP/CheatSheetSeries/pull/1371" rel="alternate"/><published>2024-04-13T20:08:11+00:00</published></entry><entry><id>https://github.com/OWASP/CheatSheetSeries/pull/1374</id><title>Implement #1373: Document Relaxed `__Secure-` Cookie Prefix</title><updated>2024-04-23T09:02:12+00:00</updated><link href="https://github.com/OWASP/CheatSheetSeries/pull/1374" rel="self"/><link href="https://github.com/OWASP/CheatSheetSeries/pull/1374" rel="alternate"/><published>2024-04-23T09:02:12+00:00</published></entry><entry><id>https://github.com/OWASP/CheatSheetSeries/pull/1377</id><title>Python deserialization black-box approach.md</title><updated>2024-05-04T10:10:09+00:00</updated><link href="https://github.com/OWASP/CheatSheetSeries/pull/1377" rel="self"/><link href="https://github.com/OWASP/CheatSheetSeries/pull/1377" rel="alternate"/><published>2024-05-04T10:10:09+00:00</published></entry><entry><id>https://github.com/OWASP/CheatSheetSeries/pull/1378</id><title>Change max password length to at least 64 characters</title><updated>2024-04-13T20:13:03+00:00</updated><link href="https://github.com/OWASP/CheatSheetSeries/pull/1378" rel="self"/><link href="https://github.com/OWASP/CheatSheetSeries/pull/1378" rel="alternate"/><published>2024-04-13T20:13:03+00:00</published></entry><entry><id>https://github.com/OWASP/CheatSheetSeries/pull/1380</id><title>Update Deserialization_Cheat_Sheet.md</title><updated>2024-04-15T03:25:25+00:00</updated><link href="https://github.com/OWASP/CheatSheetSeries/pull/1380" rel="self"/><link href="https://github.com/OWASP/CheatSheetSeries/pull/1380" rel="alternate"/><published>2024-04-15T03:25:25+00:00</published></entry><entry><id>https://github.com/OWASP/CheatSheetSeries/pull/1381</id><title>Fix openssl dhparam example command</title><updated>2024-04-15T16:24:42+00:00</updated><link href="https://github.com/OWASP/CheatSheetSeries/pull/1381" rel="self"/><link href="https://github.com/OWASP/CheatSheetSeries/pull/1381" rel="alternate"/><published>2024-04-15T16:24:42+00:00</published></entry><entry><id>https://github.com/OWASP/CheatSheetSeries/pull/1382</id><title>Re-added OWASP pytm</title><updated>2024-04-15T16:24:24+00:00</updated><link href="https://github.com/OWASP/CheatSheetSeries/pull/1382" rel="self"/><link href="https://github.com/OWASP/CheatSheetSeries/pull/1382" rel="alternate"/><published>2024-04-15T16:24:24+00:00</published></entry><entry><id>https://github.com/OWASP/CheatSheetSeries/pull/1383</id><title>FIX: Broken URL in REST_Assessment_Cheat_Sheet.md</title><updated>2024-04-16T13:05:40+00:00</updated><link href="https://github.com/OWASP/CheatSheetSeries/pull/1383" rel="self"/><link href="https://github.com/OWASP/CheatSheetSeries/pull/1383" rel="alternate"/><published>2024-04-16T13:05:40+00:00</published></entry><entry><id>https://github.com/OWASP/CheatSheetSeries/pull/1384</id><title>Symfony_Cheat_Sheet.md spelling and grammar tweaks</title><updated>2024-04-22T09:01:05+00:00</updated><link href="https://github.com/OWASP/CheatSheetSeries/pull/1384" rel="self"/><link href="https://github.com/OWASP/CheatSheetSeries/pull/1384" rel="alternate"/><published>2024-04-22T09:01:05+00:00</published></entry><entry><id>https://github.com/OWASP/CheatSheetSeries/pull/1385</id><title>spelling fix - Update Cross-Site_Request_Forgery_Prevention_Cheat_She…</title><updated>2024-04-17T12:59:47+00:00</updated><link href="https://github.com/OWASP/CheatSheetSeries/pull/1385" rel="self"/><link href="https://github.com/OWASP/CheatSheetSeries/pull/1385" rel="alternate"/><published>2024-04-17T12:59:47+00:00</published></entry><entry><id>https://github.com/OWASP/CheatSheetSeries/pull/1386</id><title>Fix bulleting</title><updated>2024-04-17T12:57:10+00:00</updated><link href="https://github.com/OWASP/CheatSheetSeries/pull/1386" rel="self"/><link href="https://github.com/OWASP/CheatSheetSeries/pull/1386" rel="alternate"/><published>2024-04-17T12:57:10+00:00</published></entry><entry><id>https://github.com/OWASP/CheatSheetSeries/pull/1389</id><title>CSRF Prevention: fixing chapter's title</title><updated>2024-04-23T19:27:55+00:00</updated><link href="https://github.com/OWASP/CheatSheetSeries/pull/1389" rel="self"/><link href="https://github.com/OWASP/CheatSheetSeries/pull/1389" rel="alternate"/><published>2024-04-23T19:27:55+00:00</published></entry><entry><id>https://github.com/OWASP/CheatSheetSeries/pull/1390</id><title>Idna/Jinja update to reduce vulns</title><updated>2024-05-04T10:09:31+00:00</updated><link href="https://github.com/OWASP/CheatSheetSeries/pull/1390" rel="self"/><link href="https://github.com/OWASP/CheatSheetSeries/pull/1390" rel="alternate"/><published>2024-05-04T10:09:31+00:00</published></entry><entry><id>https://github.com/OWASP/CheatSheetSeries/pull/1391</id><title>Mention other popular frameworks' unsafe functions.</title><updated>2024-04-23T19:28:19+00:00</updated><link href="https://github.com/OWASP/CheatSheetSeries/pull/1391" rel="self"/><link href="https://github.com/OWASP/CheatSheetSeries/pull/1391" rel="alternate"/><published>2024-04-23T19:28:19+00:00</published></entry><entry><id>https://github.com/OWASP/CheatSheetSeries/pull/1392</id><title>Documentation grammar and typo fixes</title><updated>2024-04-24T20:29:44+00:00</updated><link href="https://github.com/OWASP/CheatSheetSeries/pull/1392" rel="self"/><link href="https://github.com/OWASP/CheatSheetSeries/pull/1392" rel="alternate"/><published>2024-04-24T20:29:44+00:00</published></entry><entry><id>https://github.com/OWASP/CheatSheetSeries/pull/1393</id><title>Update Docker_Security_Cheat_Sheet.md</title><updated>2024-04-28T11:59:11+00:00</updated><link href="https://github.com/OWASP/CheatSheetSeries/pull/1393" rel="self"/><link href="https://github.com/OWASP/CheatSheetSeries/pull/1393" rel="alternate"/><published>2024-04-28T11:59:11+00:00</published></entry><entry><id>https://github.com/OWASP/CheatSheetSeries/pull/1394</id><title>Add additional events which we are removing from ASVS</title><updated>2024-05-04T10:07:25+00:00</updated><link href="https://github.com/OWASP/CheatSheetSeries/pull/1394" rel="self"/><link href="https://github.com/OWASP/CheatSheetSeries/pull/1394" rel="alternate"/><published>2024-05-04T10:07:25+00:00</published></entry><entry><id>https://github.com/OWASP/CheatSheetSeries/pull/1396</id><title>grammar fix</title><updated>2024-05-03T13:28:33+00:00</updated><link href="https://github.com/OWASP/CheatSheetSeries/pull/1396" rel="self"/><link href="https://github.com/OWASP/CheatSheetSeries/pull/1396" rel="alternate"/><published>2024-05-03T13:28:33+00:00</published></entry><entry><id>https://github.com/OWASP/CheatSheetSeries/pull/1397</id><title>Fix typo in "Cross Site Scripting Prevention" cheat sheet</title><updated>2024-05-09T15:27:17+00:00</updated><link href="https://github.com/OWASP/CheatSheetSeries/pull/1397" rel="self"/><link href="https://github.com/OWASP/CheatSheetSeries/pull/1397" rel="alternate"/><published>2024-05-09T15:27:17+00:00</published></entry><entry><id>https://github.com/OWASP/CheatSheetSeries/pull/1398</id><title>Revert "Idna/Jinja update to reduce vulns"</title><updated>2024-05-09T13:26:06+00:00</updated><link href="https://github.com/OWASP/CheatSheetSeries/pull/1398" rel="self"/><link href="https://github.com/OWASP/CheatSheetSeries/pull/1398" rel="alternate"/><published>2024-05-09T13:26:06+00:00</published></entry><entry><id>https://github.com/OWASP/CheatSheetSeries/pull/1399</id><title>Update requirements.txt manually to fix idna and Jinja vulns</title><updated>2024-05-09T14:48:24+00:00</updated><link href="https://github.com/OWASP/CheatSheetSeries/pull/1399" rel="self"/><link href="https://github.com/OWASP/CheatSheetSeries/pull/1399" rel="alternate"/><published>2024-05-09T14:48:24+00:00</published></entry><entry><id>https://github.com/OWASP/CheatSheetSeries/pull/1400</id><title>Fixed typo in XSS cheat sheet</title><updated>2024-05-09T19:48:29+00:00</updated><link href="https://github.com/OWASP/CheatSheetSeries/pull/1400" rel="self"/><link href="https://github.com/OWASP/CheatSheetSeries/pull/1400" rel="alternate"/><published>2024-05-09T19:48:29+00:00</published></entry><entry><id>https://github.com/OWASP/CheatSheetSeries/pull/1403</id><title>Rlt change 5 - Fixed Transaction Authorization Cheat Sheet</title><updated>2024-05-12T03:56:39+00:00</updated><link href="https://github.com/OWASP/CheatSheetSeries/pull/1403" rel="self"/><link href="https://github.com/OWASP/CheatSheetSeries/pull/1403" rel="alternate"/><published>2024-05-12T03:56:39+00:00</published></entry><entry><id>https://github.com/OWASP/CheatSheetSeries/pull/1404</id><title>updated spelling error</title><updated>2024-05-17T14:12:54+00:00</updated><link href="https://github.com/OWASP/CheatSheetSeries/pull/1404" rel="self"/><link href="https://github.com/OWASP/CheatSheetSeries/pull/1404" rel="alternate"/><published>2024-05-17T14:12:54+00:00</published></entry><entry><id>https://github.com/OWASP/CheatSheetSeries/pull/1405</id><title>HTTP Headers: add 'always' to nginx and Apache config</title><updated>2024-05-23T09:28:34+00:00</updated><link href="https://github.com/OWASP/CheatSheetSeries/pull/1405" rel="self"/><link href="https://github.com/OWASP/CheatSheetSeries/pull/1405" rel="alternate"/><published>2024-05-23T09:28:34+00:00</published></entry><entry><id>https://github.com/OWASP/CheatSheetSeries/pull/1406</id><title>Fix typo in Symfony Cheat Sheet</title><updated>2024-05-23T09:28:16+00:00</updated><link href="https://github.com/OWASP/CheatSheetSeries/pull/1406" rel="self"/><link href="https://github.com/OWASP/CheatSheetSeries/pull/1406" rel="alternate"/><published>2024-05-23T09:28:16+00:00</published></entry><entry><id>https://github.com/OWASP/CheatSheetSeries/pull/1408</id><title>Update Transport_Layer_Security_Cheat_Sheet.md</title><updated>2024-05-23T09:27:57+00:00</updated><link href="https://github.com/OWASP/CheatSheetSeries/pull/1408" rel="self"/><link href="https://github.com/OWASP/CheatSheetSeries/pull/1408" rel="alternate"/><published>2024-05-23T09:27:57+00:00</published></entry><entry><id>https://github.com/OWASP/CheatSheetSeries/pull/1409</id><title>Update NPM_Security_Cheat_Sheet.md</title><updated>2024-05-23T17:13:45+00:00</updated><link href="https://github.com/OWASP/CheatSheetSeries/pull/1409" rel="self"/><link href="https://github.com/OWASP/CheatSheetSeries/pull/1409" rel="alternate"/><published>2024-05-23T17:13:45+00:00</published></entry><entry><id>https://github.com/OWASP/CheatSheetSeries/pull/1414</id><title>Fixing a wrong link to OpenCRE</title><updated>2024-05-28T14:34:15+00:00</updated><link href="https://github.com/OWASP/CheatSheetSeries/pull/1414" rel="self"/><link href="https://github.com/OWASP/CheatSheetSeries/pull/1414" rel="alternate"/><published>2024-05-28T14:34:15+00:00</published></entry><entry><id>https://github.com/OWASP/CheatSheetSeries/pull/1416</id><title>Enhance Readability of Control Plane and Node Component Descriptions</title><updated>2024-06-04T09:43:29+00:00</updated><link href="https://github.com/OWASP/CheatSheetSeries/pull/1416" rel="self"/><link href="https://github.com/OWASP/CheatSheetSeries/pull/1416" rel="alternate"/><published>2024-06-04T09:43:29+00:00</published></entry><entry><id>https://github.com/OWASP/CheatSheetSeries/pull/1419</id><title>Add Software Supply Chain Security CS</title><updated>2024-06-07T14:03:06+00:00</updated><link href="https://github.com/OWASP/CheatSheetSeries/pull/1419" rel="self"/><link href="https://github.com/OWASP/CheatSheetSeries/pull/1419" rel="alternate"/><published>2024-06-07T14:03:06+00:00</published></entry><entry><id>https://github.com/OWASP/CheatSheetSeries/pull/1420</id><title>Update LDAP_Injection_Prevention_Cheat_Sheet.md to explain that LinqToLdap is only supported for older .NET Framework versions</title><updated>2024-06-04T10:09:43+00:00</updated><link href="https://github.com/OWASP/CheatSheetSeries/pull/1420" rel="self"/><link href="https://github.com/OWASP/CheatSheetSeries/pull/1420" rel="alternate"/><published>2024-06-04T10:09:43+00:00</published></entry><entry><id>https://github.com/OWASP/CheatSheetSeries/pull/1421</id><title>Update NPM_Security_Cheat_Sheet.md</title><updated>2024-06-04T20:10:59+00:00</updated><link href="https://github.com/OWASP/CheatSheetSeries/pull/1421" rel="self"/><link href="https://github.com/OWASP/CheatSheetSeries/pull/1421" rel="alternate"/><published>2024-06-04T20:10:59+00:00</published></entry><entry><id>https://github.com/OWASP/CheatSheetSeries/pull/1422</id><title>Fix typo in OAuth2_Cheat_Sheet.md</title><updated>2024-06-05T13:12:20+00:00</updated><link href="https://github.com/OWASP/CheatSheetSeries/pull/1422" rel="self"/><link href="https://github.com/OWASP/CheatSheetSeries/pull/1422" rel="alternate"/><published>2024-06-05T13:12:20+00:00</published></entry><entry><id>https://github.com/OWASP/CheatSheetSeries/pull/1423</id><title>Updating TLS cheatsheet per conversation in issue 1413</title><updated>2024-06-11T10:43:13+00:00</updated><link href="https://github.com/OWASP/CheatSheetSeries/pull/1423" rel="self"/><link href="https://github.com/OWASP/CheatSheetSeries/pull/1423" rel="alternate"/><published>2024-06-11T10:43:13+00:00</published></entry><entry><id>https://github.com/OWASP/CheatSheetSeries/pull/1424</id><title>Fix some grammar mistakes in 'Denial of Service'</title><updated>2024-06-05T13:12:07+00:00</updated><link href="https://github.com/OWASP/CheatSheetSeries/pull/1424" rel="self"/><link href="https://github.com/OWASP/CheatSheetSeries/pull/1424" rel="alternate"/><published>2024-06-05T13:12:07+00:00</published></entry><entry><id>https://github.com/OWASP/CheatSheetSeries/pull/1425</id><title>Minor grammar fixes to the threat modeling cheat sheet</title><updated>2024-06-10T13:20:45+00:00</updated><link href="https://github.com/OWASP/CheatSheetSeries/pull/1425" rel="self"/><link href="https://github.com/OWASP/CheatSheetSeries/pull/1425" rel="alternate"/><published>2024-06-10T13:20:45+00:00</published></entry><entry><id>https://github.com/OWASP/CheatSheetSeries/pull/1426</id><title>Creation of HelpGuide.md</title><updated>2024-07-08T08:36:12+00:00</updated><link href="https://github.com/OWASP/CheatSheetSeries/pull/1426" rel="self"/><link href="https://github.com/OWASP/CheatSheetSeries/pull/1426" rel="alternate"/><published>2024-07-08T08:36:12+00:00</published></entry><entry><id>https://github.com/OWASP/CheatSheetSeries/pull/1427</id><title>Small grammar fix. </title><updated>2024-06-11T19:51:25+00:00</updated><link href="https://github.com/OWASP/CheatSheetSeries/pull/1427" rel="self"/><link href="https://github.com/OWASP/CheatSheetSeries/pull/1427" rel="alternate"/><published>2024-06-11T19:51:25+00:00</published></entry><entry><id>https://github.com/OWASP/CheatSheetSeries/pull/1429</id><title>Update Input Validation</title><updated>2024-06-17T06:29:35+00:00</updated><link href="https://github.com/OWASP/CheatSheetSeries/pull/1429" rel="self"/><link href="https://github.com/OWASP/CheatSheetSeries/pull/1429" rel="alternate"/><published>2024-06-17T06:29:35+00:00</published></entry><entry><id>https://github.com/OWASP/CheatSheetSeries/pull/1432</id><title>Fix typos in CI_CD_Security_Cheat_Sheet.md</title><updated>2024-06-20T08:27:02+00:00</updated><link href="https://github.com/OWASP/CheatSheetSeries/pull/1432" rel="self"/><link href="https://github.com/OWASP/CheatSheetSeries/pull/1432" rel="alternate"/><published>2024-06-20T08:27:02+00:00</published></entry><entry><id>https://github.com/OWASP/CheatSheetSeries/pull/1434</id><title>Update Transport_Layer_Security_Cheat_Sheet.md</title><updated>2024-06-24T11:07:11+00:00</updated><link href="https://github.com/OWASP/CheatSheetSeries/pull/1434" rel="self"/><link href="https://github.com/OWASP/CheatSheetSeries/pull/1434" rel="alternate"/><published>2024-06-24T11:07:11+00:00</published></entry><entry><id>https://github.com/OWASP/CheatSheetSeries/pull/1435</id><title>SMS update per issue 1433</title><updated>2024-06-24T10:59:13+00:00</updated><link href="https://github.com/OWASP/CheatSheetSeries/pull/1435" rel="self"/><link href="https://github.com/OWASP/CheatSheetSeries/pull/1435" rel="alternate"/><published>2024-06-24T10:59:13+00:00</published></entry><entry><id>https://github.com/OWASP/CheatSheetSeries/pull/1436</id><title>Fix Typos</title><updated>2024-07-09T06:33:05+00:00</updated><link href="https://github.com/OWASP/CheatSheetSeries/pull/1436" rel="self"/><link href="https://github.com/OWASP/CheatSheetSeries/pull/1436" rel="alternate"/><published>2024-07-09T06:33:05+00:00</published></entry><entry><id>https://github.com/OWASP/CheatSheetSeries/pull/1437</id><title>Fix # counts on examples of abuse cases on Abuse Case Cheat Sheet</title><updated>2024-06-24T11:07:53+00:00</updated><link href="https://github.com/OWASP/CheatSheetSeries/pull/1437" rel="self"/><link href="https://github.com/OWASP/CheatSheetSeries/pull/1437" rel="alternate"/><published>2024-06-24T11:07:53+00:00</published></entry><entry><id>https://github.com/OWASP/CheatSheetSeries/pull/1438</id><title>Microservices security typos</title><updated>2024-06-24T12:53:08+00:00</updated><link href="https://github.com/OWASP/CheatSheetSeries/pull/1438" rel="self"/><link href="https://github.com/OWASP/CheatSheetSeries/pull/1438" rel="alternate"/><published>2024-06-24T12:53:08+00:00</published></entry><entry><id>https://github.com/OWASP/CheatSheetSeries/pull/1440</id><title>Refer to cheat sheet on securely storing keys rather than using environment variables</title><updated>2024-06-25T20:34:38+00:00</updated><link href="https://github.com/OWASP/CheatSheetSeries/pull/1440" rel="self"/><link href="https://github.com/OWASP/CheatSheetSeries/pull/1440" rel="alternate"/><published>2024-06-25T20:34:38+00:00</published></entry><entry><id>https://github.com/OWASP/CheatSheetSeries/pull/1442</id><title>Update LDAP_Injection_Prevention_Cheat_Sheet.md</title><updated>2024-07-02T11:36:10+00:00</updated><link href="https://github.com/OWASP/CheatSheetSeries/pull/1442" rel="self"/><link href="https://github.com/OWASP/CheatSheetSeries/pull/1442" rel="alternate"/><published>2024-07-02T11:36:10+00:00</published></entry><entry><id>https://github.com/OWASP/CheatSheetSeries/pull/1443</id><title>Updates per issue 1165</title><updated>2024-07-03T16:38:26+00:00</updated><link href="https://github.com/OWASP/CheatSheetSeries/pull/1443" rel="self"/><link href="https://github.com/OWASP/CheatSheetSeries/pull/1443" rel="alternate"/><published>2024-07-03T16:38:26+00:00</published></entry><entry><id>https://github.com/OWASP/CheatSheetSeries/pull/1444</id><title>Update Threat_Modeling_Cheat_Sheet.md</title><updated>2024-07-09T06:34:26+00:00</updated><link href="https://github.com/OWASP/CheatSheetSeries/pull/1444" rel="self"/><link href="https://github.com/OWASP/CheatSheetSeries/pull/1444" rel="alternate"/><published>2024-07-09T06:34:26+00:00</published></entry><entry><id>https://github.com/OWASP/CheatSheetSeries/pull/1445</id><title>Update Threat_Modeling_Cheat_Sheet.md</title><updated>2024-07-09T06:33:42+00:00</updated><link href="https://github.com/OWASP/CheatSheetSeries/pull/1445" rel="self"/><link href="https://github.com/OWASP/CheatSheetSeries/pull/1445" rel="alternate"/><published>2024-07-09T06:33:42+00:00</published></entry><entry><id>https://github.com/OWASP/CheatSheetSeries/pull/1447</id><title>Remove navigate-to directive from Content Security Policy Cheat Sheet</title><updated>2024-07-09T10:43:41+00:00</updated><link href="https://github.com/OWASP/CheatSheetSeries/pull/1447" rel="self"/><link href="https://github.com/OWASP/CheatSheetSeries/pull/1447" rel="alternate"/><published>2024-07-09T10:43:41+00:00</published></entry><entry><id>https://github.com/OWASP/CheatSheetSeries/pull/1448</id><title>fix: typo on Update Kubernetes_Security_Cheat_Sheet.md</title><updated>2024-07-09T13:20:10+00:00</updated><link href="https://github.com/OWASP/CheatSheetSeries/pull/1448" rel="self"/><link href="https://github.com/OWASP/CheatSheetSeries/pull/1448" rel="alternate"/><published>2024-07-09T13:20:10+00:00</published></entry></feed>